window,t_s,arc_metric
W1,0,0.0499
W1,1,1.4018
W1,2,0.0687
W1,3,3.2785
W1,4,2.9541
W1,5,0.1746
W1,6,0.0475
W1,7,1.3058
W1,8,0.0478
W1,9,3.1082
W1,10,1.1992
W1,11,0.4877
W1,12,0.6088
W1,13,0.5029
W1,14,0.5220
W1,15,0.4636
W1,16,0.7335
W1,17,0.4778
W1,18,0.5295
W1,19,0.5801
W1,20,0.4470
W1,21,0.4261
W1,22,0.2199
W1,23,0.1484
W1,24,0.8033
W1,25,0.5964
W1,26,0.9612
W1,27,0.9789
W1,28,0.5808
W1,29,0.4654
W1,30,0.4987
W1,31,0.5366
W1,32,0.5302
W1,33,0.6719
W1,34,0.6828
W1,35,0.5171
W1,36,0.5433
W1,37,0.0524
W1,38,1.4578
W1,39,0.0914
W1,40,2.3708
W1,41,2.4848
W1,42,0.0471
W1,43,0.0946
W1,44,0.0485
W1,45,0.3885
W1,46,0.3071
W1,47,0.0715
W1,48,0.5174
W1,49,0.0514
W1,50,0.7381
W1,51,0.0457
W1,52,0.6421
W1,53,0.0471
W1,54,0.2238
W1,55,0.2950
W1,56,0.2401
W1,57,0.0443
W1,58,0.7498
W1,59,0.0460
W1,60,0.1813
W1,61,0.0800
W1,62,0.7824
W1,63,0.0524
W1,64,3.6617
W1,65,0.1066
W1,66,0.0404
W1,67,1.6161
W1,68,0.0754
W1,69,2.6201
W1,70,0.0818
W1,71,4.9116
W1,72,0.0854
W1,73,0.0687
W1,74,2.2125
W1,75,0.0595
W1,76,2.3672
W1,77,0.0878
W1,78,3.9904
W1,79,0.1034
W1,80,0.1920
W1,81,0.1849
W1,82,0.5026
W1,83,0.3712
W1,84,0.0818
W1,85,0.0372
W1,86,0.0429
W1,87,0.0450
W1,88,0.0514
W1,89,0.0478
W1,90,0.0485
W1,91,0.0499
W1,92,0.0471
W1,93,0.0283
W1,94,0.4115
W1,95,0.3719
W1,96,0.6393
W1,97,0.3680
W1,98,0.2738
W1,99,0.3209
W1,100,0.4629
W1,101,0.4271
W1,102,0.5911
W1,103,0.4395
W1,104,0.5518
W1,105,0.5104
W1,106,0.4300
W1,107,0.4565
W1,108,0.3202
W1,109,0.3311
W1,110,0.2139
W1,111,0.3234
W1,112,0.5019
W1,113,0.5341
W1,114,0.5203
W1,115,0.5274
W1,116,0.3400
W1,117,0.3850
W1,118,0.4530
W1,119,0.5327
W1,120,0.4324
W1,121,0.4512
W1,122,0.4739
W1,123,0.2709
W1,124,0.0485
W1,125,0.6612
W1,126,0.3683
W1,127,0.4027
W1,128,0.0761
W1,129,0.2440
W1,130,0.0577
W1,131,0.2600
W1,132,0.0397
W1,133,1.0165
W1,134,0.0517
W1,135,0.6389
W1,136,0.0623
W1,137,1.4138
W1,138,0.0460
W1,139,1.0196
W1,140,0.0464
W1,141,0.0616
W1,142,0.1006
W1,143,0.0390
W1,144,0.1094
W1,145,0.0432
W1,146,0.1477
W1,147,1.7560
W1,148,0.1034
W1,149,0.0567
W1,150,0.6974
W1,151,0.0726
W1,152,3.1170
W1,153,0.0804
W1,154,0.3666
W1,155,0.0453
W1,156,1.6193
W1,157,0.0499
W1,158,4.1551
W1,159,0.0545
W1,160,0.5075
W1,161,0.4105
W1,162,0.5851
W1,163,0.1339
W1,164,0.2469
W1,165,0.2228
W1,166,0.2263
W1,167,0.2068
W1,168,0.1983
W1,169,0.1863
W1,170,0.2454
W1,171,0.8723
W1,172,0.5748
W1,173,0.5295
W1,174,0.1771
W1,175,0.1796
W1,176,0.0407
W1,177,0.0421
W1,178,0.0375
W1,179,0.0375
W1,180,0.0496
W1,181,0.0496
W1,182,0.0425
W1,183,0.0407
W1,184,0.0213
W1,185,0.5546
W1,186,0.5252
W1,187,1.1316
W1,188,0.5564
W1,189,0.5872
W1,190,0.5667
W1,191,0.5907
W1,192,1.0030
W1,193,0.5904
W1,194,0.8769
W1,195,1.0742
W1,196,0.8989
W1,197,0.8695
W1,198,0.6942
W1,199,0.6626
W1,200,0.4551
W1,201,0.6233
W1,202,0.3357
W1,203,0.3885
W1,204,0.3860
W1,205,0.4841
W1,206,0.6524
W1,207,0.5900
W1,208,0.4445
W1,209,0.4293
W1,210,0.8914
W1,211,1.1057
W1,212,1.0689
W1,213,1.1153
W1,214,0.7179
W1,215,0.7175
W1,216,0.7643
W1,217,0.6796
W1,218,0.1459
W1,219,0.0446
W1,220,1.9497
W1,221,0.1392
W1,222,1.1698
W1,223,3.0717
W1,224,0.0400
W1,225,0.3343
W1,226,0.0432
W1,227,0.4236
W1,228,0.0485
W1,229,2.0535
W1,230,0.0482
W1,231,0.3428
W1,232,0.0443
W1,233,0.1349
W1,234,0.5606
W1,235,0.0375
W1,236,0.3272
W1,237,0.0446
W1,238,0.0436
W1,239,0.2858
W1,240,0.0492
W1,241,0.1686
W1,242,2.2706
W1,243,0.0868
W1,244,0.0492
W1,245,2.6092
W1,246,0.0666
W1,247,0.5472
W1,248,3.0975
W1,249,0.1307
W1,250,0.0545
W1,251,2.4147
W1,252,0.0577
W1,253,1.2155
W1,254,0.5178
W1,255,0.0503
W1,256,0.1874
W1,257,0.2663
W1,258,0.7476
W1,259,0.5745
W1,260,0.5929
W1,261,0.6471
W1,262,0.4948
W1,263,0.2029
W1,264,0.3060
W1,265,0.0386
W1,266,0.0531
W1,267,0.0390
W1,268,0.0499
W1,269,0.0503
W1,270,0.0485
W1,271,0.0485
W1,272,0.0174
W1,273,0.0397
W1,274,0.7338
W1,275,0.7785
W1,276,1.2651
W1,277,0.6499
W1,278,1.0699
W1,279,0.5330
W1,280,0.6393
W1,281,1.0101
W1,282,0.5316
W1,283,0.8461
W1,284,0.8061
W1,285,0.8103
W1,286,0.6286
W1,287,0.8369
W1,288,0.6403
W1,289,0.4803
W1,290,0.2118
W1,291,0.3528
W1,292,0.4969
W1,293,0.6070
W1,294,0.7133
W1,295,0.4112
W1,296,0.8886
W1,297,0.8652
W1,298,0.9963
W1,299,0.5992
W1,300,0.3924
W1,301,0.0496
W1,302,1.2807
W1,303,0.0390
W1,304,0.8610
W1,305,0.0368
W1,306,0.2777
W1,307,0.0464
W1,308,0.2557
W1,309,0.0467
W1,310,0.1728
W1,311,1.2566
W1,312,0.0606
W1,313,0.9290
W1,314,0.0482
W1,315,0.0464
W1,316,0.1123
W1,317,0.7034
W1,318,0.0538
W1,319,0.2819
W1,320,0.1211
W1,321,0.0386
W1,322,0.1335
W1,323,0.0464
W1,324,1.0303
W1,325,0.0563
W1,326,1.8070
W1,327,0.0446
W1,328,0.0354
W1,329,1.0310
W1,330,0.0701
W1,331,3.2222
W1,332,0.1959
W1,333,2.3495
W1,334,0.1172
W1,335,0.0429
W1,336,1.3820
W1,337,0.0730
W1,338,1.2283
W1,339,3.4733
W1,340,0.0602
W1,341,2.8064
W1,342,0.0889
W1,343,0.2848
W1,344,0.6170
W1,345,0.4859
W1,346,0.2745
W1,347,0.2954
W1,348,0.0315
W1,349,0.0329
W1,350,0.0177
W1,351,0.0393
W1,352,0.0436
W1,353,0.0407
W1,354,0.0411
W1,355,0.0397
W1,356,0.0421
W1,357,0.0188
W1,358,0.0120
W1,359,0.4742
W1,360,0.3878
W1,361,0.5061
W1,362,0.2777
W1,363,0.5514
W1,364,0.4147
W1,365,0.3117
W1,366,0.4647
W1,367,0.3000
W1,368,0.9577
W1,369,0.5405
W1,370,0.4792
W1,371,0.4905
W1,372,0.3195
W1,373,0.3000
W1,374,0.1718
W1,375,0.1293
W1,376,0.2961
W1,377,0.3882
W1,378,0.4523
W1,379,0.4686
W1,380,0.1608
W1,381,0.0556
W1,382,0.5040
W1,383,0.4902
W1,384,0.3977
W1,385,0.5139
W1,386,0.5929
W1,387,0.5699
W1,388,0.5288
W1,389,0.2171
W1,390,0.2894
W1,391,0.0397
W1,392,1.7404
W1,393,0.0659
W1,394,1.3554
W1,395,0.0453
W1,396,0.2327
W1,397,0.0662
W1,398,0.5773
W1,399,0.0467
W1,400,2.4671
W1,401,0.0496
W1,402,0.7466
W1,403,0.0970
W1,404,0.3520
W1,405,0.0623
W1,406,0.7377
W1,407,0.0397
W1,408,0.4087
W1,409,0.0354
W1,410,0.0446
W1,411,0.1378
W1,412,0.0432
W1,413,2.0382
W1,414,0.1222
W1,415,2.0793
W1,416,0.0687
W1,417,0.0411
W1,418,1.2920
W1,419,0.0531
W1,420,3.0271
W1,421,0.0609
W1,422,4.7664
W1,423,0.0429
W1,424,0.0400
W1,425,3.4223
W1,426,0.0574
W1,427,2.1020
W1,428,2.2139
W1,429,0.0358
W1,430,1.8693
W1,431,0.0545
W1,432,0.1151
W1,433,0.4300
W1,434,0.5189
W1,435,0.4937
W1,436,0.5192
W1,437,0.5376
W1,438,0.1318
W1,439,0.3566
W1,440,0.0344
W1,441,0.0372
W1,442,0.0322
W1,443,0.0354
W1,444,0.0375
W1,445,0.0386
W1,446,0.0407
W1,447,0.0397
W1,448,0.0156
W1,449,0.5217
W1,450,0.5638
W1,451,1.0561
W1,452,0.4916
W1,453,0.5582
W1,454,0.9570
W1,455,0.4739
W1,456,0.5996
W1,457,0.6889
W1,458,0.8635
W1,459,0.6634
W1,460,0.7193
W1,461,0.5929
W1,462,0.5199
W1,463,0.6099
W1,464,0.3170
W1,465,0.4115
W1,466,0.3411
W1,467,0.2532
W1,468,0.3623
W1,469,0.3457
W1,470,0.3687
W1,471,0.6524
W1,472,0.4976
W1,473,0.3563
W1,474,0.7664
W1,475,0.9014
W1,476,0.8978
W1,477,0.5759
W1,478,1.3512
W1,479,0.3584
W1,480,0.0393
W1,481,0.5876
W1,482,0.2568
W1,483,0.3903
W1,484,0.1006
W1,485,0.0393
W1,486,0.1959
W1,487,0.0393
W1,488,0.4473
W1,489,0.0400
W1,490,0.5171
W1,491,0.0453
W1,492,0.6364
W1,493,0.0397
W1,494,1.4245
W1,495,0.4034
W1,496,0.1874
W1,497,0.0591
W1,498,0.1923
W1,499,0.0443
W1,500,0.1951
W1,501,0.0368
W1,502,1.4850
W1,503,1.4106
W1,504,0.2206
W1,505,0.0443
W1,506,0.6927
W1,507,0.0645
W1,508,0.0623
W1,509,0.0613
W1,510,0.0432
W1,511,0.0542
W1,512,0.0457
W1,513,2.9095
W1,514,3.7489
W1,515,0.0570
W1,516,0.0453
W1,517,4.4306
W1,518,0.1002
W1,519,0.0811
W1,520,0.0705
W1,521,0.0390
W1,522,2.0899
W1,523,0.0457
W1,524,2.1703
W1,525,0.0719
W1,526,3.2736
W1,527,0.1084
W1,528,0.3595
W1,529,0.3304
W1,530,0.5359
W1,531,0.3262
W1,532,0.4813
W1,533,0.4363
W1,534,0.5444
W1,535,0.2515
W1,536,0.1990
W1,537,0.0333
W1,538,0.0400
W1,539,0.0404
W1,540,0.0248
W1,541,0.0390
W1,542,0.0425
W1,543,0.0439
W1,544,0.0446
W1,545,0.0425
W1,546,0.0446
W1,547,0.0439
W1,548,0.0450
W1,549,0.0436
W1,550,0.0429
W1,551,0.0425
W1,552,0.0464
W1,553,0.0453
W1,554,0.0457
W1,555,0.0443
W1,556,0.0453
W1,557,0.0429
W1,558,0.0439
W1,559,0.0432
W1,560,0.0432
W1,561,0.0429
W1,562,0.0471
W1,563,0.0467
W1,564,0.0492
W1,565,0.0482
W1,566,0.0397
W1,567,0.0393
W1,568,0.0464
W1,569,0.0443
W1,570,0.0450
W1,571,0.0436
W1,572,0.0464
W1,573,0.0457
W1,574,0.0432
W1,575,0.0429
W1,576,0.0467
W1,577,0.0464
W1,578,0.0414
W1,579,0.0414
W1,580,0.0429
W1,581,0.0439
W1,582,0.0482
W1,583,0.0471
W1,584,0.0429
W1,585,0.0432
W1,586,0.0450
W1,587,0.0443
W1,588,0.0414
W1,589,0.0411
W1,590,0.0475
W1,591,0.0453
W1,592,0.0436
W1,593,0.0429
W1,594,0.0421
W1,595,0.0407
W1,596,0.0446
W1,597,0.0443
W1,598,0.0425
W1,599,0.0414
W1,600,0.0457
W1,601,0.0457
W1,602,0.0443
W1,603,0.0436
W1,604,0.0471
W1,605,0.0460
W1,606,0.0429
W1,607,0.0429
W1,608,0.0464
W1,609,0.0464
W1,610,0.0482
W1,611,0.0478
W1,612,0.0436
W1,613,0.0414
W1,614,0.0436
W1,615,0.0436
W1,616,0.0471
W1,617,0.0467
W1,618,0.0482
W1,619,0.0457
W1,620,0.0457
W1,621,0.0457
W1,622,0.0457
W1,623,0.0460
W1,624,0.0436
W1,625,0.0429
W1,626,0.0432
W1,627,0.0432
W1,628,0.0400
W1,629,0.0390
W1,630,0.0475
W1,631,0.0471
W1,632,0.0475
W1,633,0.0471
W1,634,0.0457
W1,635,0.0453
W1,636,0.0471
W1,637,0.0467
W1,638,0.0429
W1,639,0.0329
W1,640,0.0400
W1,641,0.0393
W1,642,0.0390
W1,643,0.0390
W1,644,0.0411
W1,645,0.0382
W1,646,0.0407
W1,647,0.0407
W1,648,0.0439
W1,649,0.0457
W1,650,0.0425
W1,651,0.0414
W1,652,0.0450
W1,653,0.0446
W1,654,0.0467
W1,655,0.0457
W1,656,0.0443
W1,657,0.0460
W1,658,0.0450
W1,659,0.0443
W1,660,0.0421
W1,661,0.0436
W1,662,0.0425
W1,663,0.0421
W1,664,0.0446
W1,665,0.0414
W1,666,0.0354
W1,667,0.0393
W1,668,0.0467
W1,669,0.0400
W1,670,0.0393
W1,671,0.0907
W1,672,0.1286
W1,673,0.1495
W1,674,0.1541
W1,675,0.3481
W1,676,0.2681
W1,677,0.3520
W1,678,0.1831
W1,679,0.0429
W1,680,0.0443
W1,681,0.0436
W1,682,0.3669
W1,683,0.3641
W1,684,0.0623
W1,685,0.0113
W1,686,0.0205
W1,687,0.1417
W1,688,0.2699
W1,689,0.2979
W1,690,0.2709
W1,691,0.0110
W1,692,0.0333
W1,693,0.0361
W1,694,0.0382
W1,695,0.0156
W1,696,0.1665
W1,697,0.4827
W1,698,0.5975
W1,699,0.8635
W1,700,0.5415
W1,701,0.6602
W1,702,0.7926
W1,703,0.5915
W1,704,1.0331
W1,705,0.5383
W1,706,1.2148
W1,707,1.0065
W1,708,1.0317
W1,709,0.7994
W1,710,0.5812
W1,711,0.7976
W1,712,0.2206
W1,713,0.2773
W1,714,0.1371
W1,715,0.2950
W1,716,0.1962
W1,717,0.3956
W1,718,0.6616
W1,719,0.8273
W1,720,0.5061
W1,721,0.4388
W1,722,0.4746
W1,723,0.8504
W1,724,0.8433
W1,725,0.5635
W1,726,0.5288
W1,727,0.7303
W1,728,0.6733
W1,729,0.5691
W1,730,0.0478
W1,731,2.0407
W1,732,0.6155
W1,733,0.0545
W1,734,0.0471
W1,735,0.0726
W1,736,0.0751
W1,737,1.1652
W1,738,0.0460
W1,739,0.0453
W1,740,0.4746
W1,741,0.3651
W1,742,0.2784
W1,743,0.5323
W1,744,0.1434
W1,745,1.2800
W1,746,0.0623
W1,747,0.5890
W1,748,0.0393
W1,749,0.4866
W1,750,0.0379
W1,751,0.0808
W1,752,0.0404
W1,753,0.0946
W1,754,0.0439
W1,755,1.4772
W1,756,1.5070
W1,757,0.0684
W1,758,0.0503
W1,759,0.9541
W1,760,0.0648
W1,761,0.0510
W1,762,0.0471
W1,763,1.7460
W1,764,0.0712
W1,765,0.2217
W1,766,0.2961
W1,767,0.0361
W1,768,0.7767
W1,769,2.3499
W1,770,0.0503
W1,771,1.9277
W1,772,0.0733
W1,773,3.6603
W1,774,0.0981
W1,775,0.3283
W1,776,0.2529
W1,777,0.4278
W1,778,0.2964
W1,779,0.3807
W1,780,0.2167
W1,781,0.2918
W1,782,0.0400
W1,783,0.0418
W1,784,0.0407
W1,785,0.0400
W1,786,0.0170
W1,787,0.0305
W1,788,0.4317
W1,789,0.5946
W1,790,0.5653
W1,791,0.5291
W1,792,0.8574
W1,793,0.5093
W1,794,1.0494
W1,795,0.4629
W1,796,0.5784
W1,797,0.6786
W1,798,0.5553
W1,799,0.4675
W1,800,0.5688
W1,801,0.6389
W1,802,0.3751
W1,803,0.3520
W1,804,0.2132
W1,805,0.2706
W1,806,0.3581
W1,807,0.4866
W1,808,0.5475
W1,809,0.3977
W1,810,0.7657
W1,811,0.5408
W1,812,0.7668
W1,813,0.6711
W1,814,0.3156
W1,815,0.2777
W1,816,0.0475
W1,817,0.6386
W1,818,0.0602
W1,819,0.0489
W1,820,0.0429
W1,821,0.1757
W1,822,0.0432
W1,823,0.2596
W1,824,0.0499
W1,825,0.4735
W1,826,0.0517
W1,827,0.6244
W1,828,0.0478
W1,829,0.6233
W1,830,0.0489
W1,831,0.8068
W1,832,0.0450
W1,833,0.2876
W1,834,0.0436
W1,835,0.1410
W1,836,1.3476
W1,837,0.0783
W1,838,2.9336
W1,839,0.0425
W1,840,1.3618
W1,841,3.2243
W1,842,0.0949
W1,843,4.3651
W1,844,0.0446
W1,845,2.6084
W1,846,1.5084
W1,847,0.1116
W1,848,3.2938
W1,849,0.1597
W1,850,0.2699
W1,851,0.3386
W1,852,0.4257
W1,853,0.3797
W1,854,0.0687
W1,855,0.1817
W1,856,0.0414
W1,857,0.0429
W1,858,0.0460
W1,859,0.0421
W1,860,0.0517
W1,861,0.0216
W1,862,0.4749
W1,863,0.6389
W1,864,0.8982
W1,865,0.5320
W1,866,0.5592
W1,867,0.4703
W1,868,0.9513
W1,869,0.4473
W1,870,0.5068
W1,871,1.0352
W1,872,0.9173
W1,873,0.8936
W1,874,0.5451
W1,875,0.5925
W1,876,0.7685
W1,877,0.2961
W1,878,0.4395
W1,879,0.2458
W1,880,0.2897
W1,881,0.2770
W1,882,0.4994
W1,883,0.6499
W1,884,0.4165
W1,885,0.5298
W1,886,0.5142
W1,887,0.8468
W1,888,0.6860
W1,889,0.5567
W1,890,0.5433
W1,891,0.6605
W1,892,0.5603
W1,893,0.2295
W1,894,0.0510
W1,895,0.0524
W1,896,1.9862
W1,897,0.0623
W1,898,0.0524
W1,899,0.1374
W1,900,0.0535
W1,901,0.3591
W1,902,0.0489
W1,903,0.4916
W1,904,0.0560
W1,905,0.3347
W1,906,0.6453
W1,907,0.0687
W1,908,0.2178
W1,909,0.0779
W1,910,0.8295
W1,911,0.0634
W1,912,0.4746
W1,913,0.0563
W1,914,0.0457
W1,915,0.0946
W1,916,1.2920
W1,917,0.1452
W1,918,2.1257
W1,919,0.0896
W1,920,0.0563
W1,921,1.9192
W1,922,0.0868
W1,923,3.4060
W1,924,0.0889
W1,925,2.2443
W1,926,0.0517
W1,927,0.0489
W1,928,0.3520
W1,929,1.3157
W1,930,0.2546
W1,931,2.1108
W1,932,0.4579
W1,933,0.0499
W1,934,0.4611
W1,935,0.5603
W1,936,0.3931
W1,937,0.2823
W1,938,0.2592
W1,939,0.0351
W1,940,0.0411
W1,941,0.0407
W1,942,0.0439
W1,943,0.0429
W1,944,0.0475
W1,945,0.0290
W1,946,0.0266
W1,947,0.5281
W1,948,0.4983
W1,949,0.4675
W1,950,0.6520
W1,951,0.5436
W1,952,1.0685
W1,953,0.5426
W1,954,0.5589
W1,955,0.9410
W1,956,0.5610
W1,957,0.7197
W1,958,0.9878
W1,959,0.7685
W1,960,0.8096
W1,961,0.5451
W1,962,0.7827
W1,963,0.5780
W1,964,0.4069
W1,965,0.2171
W1,966,0.2203
W1,967,0.5649
W1,968,0.3400
W1,969,0.3917
W1,970,0.7076
W1,971,0.7958
W1,972,0.5730
W1,973,0.4438
W1,974,0.6733
W1,975,0.6510
W1,976,0.7402
W1,977,0.6949
W1,978,0.6549
W1,979,0.5900
W1,980,0.1934
W1,981,0.0390
W1,982,0.9446
W1,983,0.1041
W1,984,0.9091
W1,985,0.0825
W1,986,0.0390
W1,987,0.2536
W1,988,0.0404
W1,989,0.2716
W1,990,0.0436
W1,991,0.3772
W1,992,0.0283
W1,993,1.0590
W1,994,0.0645
W1,995,1.9812
W1,996,0.5259
W1,997,0.1452
W1,998,0.0691
W1,999,0.0953
W1,1000,0.0524
W1,1001,0.1165
W1,1002,0.0623
W1,1003,3.2973
W1,1004,0.0737
W1,1005,0.0662
W1,1006,2.3432
W1,1007,0.1084
W1,1008,0.0535
W1,1009,1.7372
W1,1010,0.0715
W1,1011,0.2752
W1,1012,4.3878
W1,1013,0.0698
W1,1014,0.0606
W1,1015,2.4583
W1,1016,0.0531
W1,1017,0.2890
W1,1018,3.1772
W1,1019,0.0970
W1,1020,0.3609
W1,1021,0.7183
W1,1022,0.3814
W1,1023,0.3386
W1,1024,0.3032
W1,1025,0.1126
W1,1026,0.0499
W1,1027,0.0574
W1,1028,0.0584
W1,1029,0.0591
W1,1030,0.0581
W1,1031,0.0553
W1,1032,0.1976
W1,1033,0.5635
W1,1034,0.6028
W1,1035,0.7445
W1,1036,0.4519
W1,1037,0.9035
W1,1038,0.5472
W1,1039,0.6074
W1,1040,0.8525
W1,1041,0.5401
W1,1042,0.8872
W1,1043,0.7930
W1,1044,1.0901
W1,1045,0.7303
W1,1046,0.8295
W1,1047,0.8730
W1,1048,0.6467
W1,1049,0.3772
W1,1050,0.1990
W1,1051,0.4098
W1,1052,0.4208
W1,1053,0.5599
W1,1054,0.9265
W1,1055,0.4533
W1,1056,0.5167
W1,1057,0.9871
W1,1058,0.8833
W1,1059,0.8287
W1,1060,0.8670
W1,1061,0.0599
W1,1062,2.4689
W1,1063,0.0882
W1,1064,1.8137
W1,1065,0.0595
W1,1066,0.2752
W1,1067,0.0535
W1,1068,0.1477
W1,1069,0.3875
W1,1070,0.0581
W1,1071,0.5387
W1,1072,0.0595
W1,1073,0.3056
W1,1074,0.6212
W1,1075,0.0542
W1,1076,0.2851
W1,1077,0.0676
W1,1078,0.1778
W1,1079,0.0531
W1,1080,0.2153
W1,1081,2.8865
W1,1082,0.0818
W1,1083,0.2653
W1,1084,0.0832
W1,1085,2.3736
W1,1086,0.0776
W1,1087,0.1116
W1,1088,0.0581
W1,1089,2.2390
W1,1090,0.0963
W1,1091,0.0684
W1,1092,2.4554
W1,1093,0.0535
W1,1094,0.0591
W1,1095,2.7855
W1,1096,0.0850
W1,1097,4.5135
W1,1098,0.0563
W1,1099,0.3655
W1,1100,0.4509
W1,1101,0.2801
W1,1102,0.3152
W1,1103,0.1813
W1,1104,0.2178
W1,1105,0.0319
W1,1106,0.0372
W1,1107,0.0503
W1,1108,0.0425
W1,1109,0.4438
W1,1110,0.5968
W1,1111,0.9169
W1,1112,1.2477
W1,1113,0.3474
W1,1114,0.3673
W1,1115,0.5295
W1,1116,1.1255
W1,1117,0.5837
W1,1118,1.2548
W1,1119,0.8217
W1,1120,1.1340
W1,1121,1.0986
W1,1122,1.2279
W1,1123,1.3982
W1,1124,0.8882
W1,1125,0.7788
W1,1126,0.4406
W1,1127,0.5167
W1,1128,0.2876
W1,1129,0.4523
W1,1130,0.3230
W1,1131,0.4501
W1,1132,0.5791
W1,1133,0.7845
W1,1134,0.5189
W1,1135,1.0381
W1,1136,0.8064
W1,1137,1.0455
W1,1138,0.9198
W1,1139,0.2918
W1,1140,0.0719
W1,1141,0.5344
W1,1142,0.1381
W1,1143,0.6959
W1,1144,0.0648
W1,1145,0.2206
W1,1146,0.0616
W1,1147,0.3481
W1,1148,0.0712
W1,1149,0.4987
W1,1150,0.9952
W1,1151,0.2139
W1,1152,0.7884
W1,1153,0.0818
W1,1154,1.1429
W1,1155,0.0599
W1,1156,0.1158
W1,1157,0.0659
W1,1158,0.0414
W1,1159,0.9633
W1,1160,0.0829
W1,1161,2.1052
W1,1162,0.0811
W1,1163,0.9233
W1,1164,0.1119
W1,1165,1.6178
W1,1166,4.5050
W1,1167,0.0751
W1,1168,0.4597
W1,1169,0.0397
W1,1170,1.9026
W1,1171,0.0623
W1,1172,2.2830
W1,1173,0.0379
W1,1174,4.3938
W1,1175,0.1711
W1,1176,0.7544
W1,1177,0.5950
W1,1178,0.4388
W1,1179,0.4431
W1,1180,0.2915
W1,1181,0.0528
W1,1182,0.0510
W1,1183,0.0482
W1,1184,0.0616
W1,1185,0.0517
W1,1186,0.0475
W1,1187,0.0514
W1,1188,0.0322
W1,1189,0.6063
W1,1190,0.2536
W1,1191,0.6240
W1,1192,0.3202
W1,1193,0.3035
W1,1194,0.6740
W1,1195,0.6124
W1,1196,0.5567
W1,1197,0.6460
W2,0,0.5603
W2,1,0.5351
W2,2,0.4562
W2,3,0.4062
W2,4,0.4229
W2,5,0.7416
W2,6,0.6878
W2,7,0.8482
W2,8,0.7430
W2,9,0.8394
W2,10,0.8808
W2,11,0.4123
W2,12,0.8946
W2,13,0.4339
W2,14,0.4934
W2,15,0.4725
W2,16,0.4590
W2,17,0.4356
W2,18,0.3995
W2,19,0.5359
W2,20,0.8022
W2,21,0.1183
W2,22,1.6122
W2,23,0.0747
W2,24,1.3561
W2,25,0.0907
W2,26,0.2922
W2,27,0.0669
W2,28,0.5444
W2,29,2.5068
W2,30,0.1859
W2,31,1.0997
W2,32,0.1070
W2,33,0.1704
W2,34,1.3745
W2,35,0.0783
W2,36,0.1403
W2,37,0.0885
W2,38,0.1335
W2,39,1.1829
W2,40,0.1211
W2,41,0.2295
W2,42,0.0995
W2,43,2.4345
W2,44,0.1194
W2,45,0.3010
W2,46,3.7567
W2,47,0.1077
W2,48,0.1165
W2,49,2.3726
W2,50,0.0931
W2,51,2.8029
W2,52,0.0779
W2,53,2.6616
W2,54,0.1055
W2,55,0.1356
W2,56,0.7193
W2,57,0.7551
W2,58,0.7381
W2,59,0.7027
W2,60,0.7930
W2,61,0.7955
W2,62,0.7707
W2,63,0.7491
W2,64,0.2915
W2,65,0.4381
W2,66,0.1151
W2,67,0.1009
W2,68,0.1020
W2,69,0.1091
W2,70,0.1201
W2,71,0.1208
W2,72,0.1024
W2,73,0.9559
W2,74,0.7413
W2,75,1.4712
W2,76,0.6580
W2,77,1.2874
W2,78,0.6743
W2,79,0.7243
W2,80,1.3125
W2,81,0.6981
W2,82,1.0317
W2,83,0.6825
W2,84,0.9492
W2,85,0.9793
W2,86,0.8620
W2,87,0.8213
W2,88,0.6704
W2,89,0.5086
W2,90,0.5220
W2,91,0.4611
W2,92,0.5500
W2,93,0.6286
W2,94,1.0157
W2,95,0.6442
W2,96,0.7154
W2,97,0.7668
W2,98,0.8751
W2,99,0.8727
W2,100,0.6899
W2,101,0.7873
W2,102,0.7013
W2,103,0.1190
W2,104,0.1080
W2,105,2.5698
W2,106,0.1367
W2,107,2.4232
W2,108,0.0868
W2,109,0.2483
W2,110,0.0960
W2,111,0.4208
W2,112,0.4551
W2,113,0.0960
W2,114,0.9920
W2,115,0.0882
W2,116,0.2543
W2,117,1.5169
W2,118,0.1169
W2,119,0.8050
W2,120,0.0988
W2,121,0.2500
W2,122,0.1130
W2,123,2.8340
W2,124,2.9176
W2,125,0.1261
W2,126,0.0956
W2,127,0.2631
W2,128,3.3104
W2,129,0.1215
W2,130,2.3343
W2,131,0.1148
W2,132,0.1059
W2,133,1.4478
W2,134,0.0839
W2,135,0.3304
W2,136,3.2898
W2,137,0.1091
W2,138,0.4119
W2,139,0.6814
W2,140,0.5206
W2,141,0.3131
W2,142,0.4020
W2,143,0.0942
W2,144,0.1094
W2,145,0.7618
W2,146,0.5001
W2,147,0.5851
W2,148,0.8337
W2,149,0.3000
W2,150,0.4725
W2,151,0.3513
W2,152,0.1162
W2,153,0.1186
W2,154,0.1222
W2,155,0.1144
W2,156,0.0953
W2,157,0.0988
W2,158,0.4668
W2,159,0.2805
W2,160,0.0698
W2,161,0.0846
W2,162,0.1062
W2,163,0.1087
W2,164,0.0843
W2,165,0.0549
W2,166,0.5858
W2,167,0.5631
W2,168,0.7175
W2,169,0.6878
W2,170,0.5702
W2,171,0.6166
W2,172,0.7197
W2,173,0.8688
W2,174,0.5419
W2,175,0.9694
W2,176,0.6587
W2,177,0.6010
W2,178,0.6864
W2,179,0.6701
W2,180,0.7420
W2,181,0.6988
W2,182,0.5759
W2,183,0.5174
W2,184,0.7034
W2,185,0.4438
W2,186,0.4888
W2,187,0.6945
W2,188,0.7105
W2,189,0.6867
W2,190,0.6035
W2,191,0.7009
W2,192,0.7799
W2,193,0.8004
W2,194,0.8068
W2,195,0.5192
W2,196,0.1158
W2,197,2.1037
W2,198,1.8774
W2,199,0.1062
W2,200,2.5720
W2,201,0.1852
W2,202,0.1034
W2,203,0.4477
W2,204,0.2812
W2,205,0.1820
W2,206,0.0822
W2,207,0.4367
W2,208,0.0701
W2,209,0.9601
W2,210,0.0974
W2,211,1.1797
W2,212,0.1055
W2,213,0.1934
W2,214,0.5939
W2,215,0.1449
W2,216,0.6963
W2,217,0.0790
W2,218,0.2267
W2,219,0.0956
W2,220,0.1303
W2,221,2.4930
W2,222,0.1282
W2,223,0.1055
W2,224,0.2809
W2,225,1.9947
W2,226,0.1360
W2,227,4.1781
W2,228,0.1190
W2,229,2.8036
W2,230,0.0673
W2,231,2.9474
W2,232,0.1303
W2,233,2.9233
W2,234,0.5022
W2,235,0.2511
W2,236,0.5635
W2,237,0.7887
W2,238,0.9063
W2,239,0.6464
W2,240,0.5366
W2,241,0.9793
W2,242,0.1016
W2,243,0.1020
W2,244,0.1381
W2,245,0.1349
W2,246,0.0542
W2,247,0.0613
W2,248,0.6315
W2,249,0.7097
W2,250,0.8358
W2,251,0.7122
W2,252,0.7484
W2,253,0.6580
W2,254,0.6170
W2,255,0.6828
W2,256,0.6318
W2,257,0.6099
W2,258,0.8840
W2,259,1.1514
W2,260,0.7901
W2,261,1.2591
W2,262,1.2906
W2,263,0.8358
W2,264,0.7076
W2,265,0.4693
W2,266,0.7863
W2,267,0.5642
W2,268,0.5026
W2,269,0.3269
W2,270,0.4795
W2,271,0.8312
W2,272,0.6400
W2,273,0.6850
W2,274,1.3306
W2,275,1.0597
W2,276,1.5172
W2,277,0.9470
W2,278,0.8040
W2,279,0.1229
W2,280,0.1626
W2,281,0.1636
W2,282,0.1413
W2,283,1.4960
W2,284,0.1162
W2,285,0.9630
W2,286,0.0970
W2,287,0.0822
W2,288,0.9640
W2,289,0.4756
W2,290,0.0935
W2,291,0.3758
W2,292,0.0974
W2,293,0.1194
W2,294,1.2835
W2,295,0.0878
W2,296,0.9651
W2,297,0.0924
W2,298,0.2012
W2,299,0.2171
W2,300,0.1194
W2,301,0.1027
W2,302,0.2153
W2,303,2.3545
W2,304,0.1144
W2,305,3.7117
W2,306,0.1201
W2,307,0.1130
W2,308,0.3053
W2,309,2.2231
W2,310,0.1987
W2,311,6.9222
W2,312,0.1250
W2,313,0.0843
W2,314,0.5943
W2,315,0.0510
W2,316,0.3014
W2,317,3.3136
W2,318,0.2915
W2,319,0.5118
W2,320,0.6375
W2,321,0.5741
W2,322,0.5330
W2,323,0.4625
W2,324,0.9339
W2,325,0.1222
W2,326,0.1148
W2,327,0.1162
W2,328,0.1215
W2,329,0.1264
W2,330,0.1098
W2,331,0.0627
W2,332,0.5061
W2,333,1.0274
W2,334,0.9194
W2,335,0.6747
W2,336,0.8387
W2,337,0.7785
W2,338,0.8914
W2,339,0.9060
W2,340,1.3873
W2,341,0.8018
W2,342,1.2711
W2,343,0.7979
W2,344,0.9988
W2,345,0.9786
W2,346,0.8504
W2,347,0.7572
W2,348,0.6920
W2,349,0.8167
W2,350,0.6559
W2,351,1.0519
W2,352,1.1521
W2,353,0.5706
W2,354,0.7105
W2,355,0.7838
W2,356,1.3058
W2,357,0.9208
W2,358,1.0299
W2,359,1.0324
W2,360,1.0802
W2,361,1.0413
W2,362,1.0597
W2,363,0.8918
W2,364,1.0423
W2,365,1.0689
W2,366,1.2651
W2,367,0.2422
W2,368,0.2082
W2,369,2.7097
W2,370,0.1774
W2,371,1.7432
W2,372,0.1597
W2,373,0.1558
W2,374,0.7604
W2,375,0.1374
W2,376,0.1548
W2,377,0.3223
W2,378,0.1410
W2,379,0.3478
W2,380,0.1689
W2,381,0.8730
W2,382,0.2160
W2,383,0.6612
W2,384,0.3882
W2,385,0.5192
W2,386,0.4916
W2,387,1.0597
W2,388,0.3149
W2,389,0.3513
W2,390,0.3935
W2,391,0.1636
W2,392,0.4130
W2,393,0.1732
W2,394,1.5647
W2,395,0.1856
W2,396,2.6913
W2,397,0.1739
W2,398,0.1852
W2,399,2.7604
W2,400,0.2093
W2,401,3.6022
W2,402,0.2341
W2,403,5.5799
W2,404,0.1594
W2,405,0.1236
W2,406,1.9224
W2,407,0.1066
W2,408,0.3283
W2,409,2.2915
W2,410,0.2830
W2,411,0.1679
W2,412,0.3489
W2,413,1.0165
W2,414,0.6304
W2,415,0.6393
W2,416,0.2405
W2,417,0.5996
W2,418,0.1835
W2,419,0.2033
W2,420,0.2330
W2,421,0.2253
W2,422,0.2288
W2,423,0.2125
W2,424,0.1976
W2,425,0.2012
W2,426,0.2121
W2,427,0.2093
W2,428,0.2167
W2,429,0.2100
W2,430,0.2196
W2,431,0.2182
W2,432,0.2270
W2,433,0.2196
W2,434,0.2118
W2,435,0.2079
W2,436,0.2118
W2,437,0.2114
W2,438,0.2036
W2,439,0.1966
W2,440,0.2093
W2,441,0.2012
W2,442,0.2281
W2,443,0.2171
W2,444,0.2097
W2,445,0.2022
W2,446,0.2160
W2,447,0.2118
W2,448,0.2100
W2,449,0.1969
W2,450,0.3839
W2,451,0.2617
W2,452,0.2522
W2,453,0.2628
W2,454,0.9818
W2,455,0.9031
W2,456,1.3625
W2,457,0.9364
W2,458,1.3727
W2,459,0.7863
W2,460,0.8741
W2,461,0.8132
W2,462,1.1925
W2,463,0.7958
W2,464,0.6446
W2,465,0.6340
W2,466,0.7275
W2,467,0.7781
W2,468,0.8132
W2,469,0.9003
W2,470,0.9945
W2,471,1.0292
W2,472,0.8217
W2,473,1.1535
W2,474,1.2973
W2,475,1.1394
W2,476,1.1571
W2,477,1.0434
W2,478,0.9208
W2,479,0.6138
W2,480,0.6899
W2,481,0.5061
W2,482,0.6538
W2,483,1.1305
W2,484,0.9336
W2,485,1.0136
W2,486,0.9134
W2,487,0.9640
W2,488,0.7586
W2,489,1.0742
W2,490,0.2121
W2,491,1.2063
W2,492,0.5096
W2,493,1.4691
W2,494,0.2033
W2,495,0.2801
W2,496,0.3177
W2,497,0.1162
W2,498,0.3740
W2,499,0.1360
W2,500,0.1647
W2,501,0.2447
W2,502,1.1050
W2,503,0.1038
W2,504,0.1845
W2,505,0.1696
W2,506,0.2104
W2,507,0.2068
W2,508,0.1636
W2,509,1.0250
W2,510,0.8110
W2,511,0.3726
W2,512,0.1275
W2,513,2.6410
W2,514,2.1817
W2,515,0.4041
W2,516,0.1449
W2,517,0.3860
W2,518,0.1672
W2,519,0.1516
W2,520,0.1831
W2,521,0.1601
W2,522,0.1619
W2,523,0.7863
W2,524,1.6295
W2,525,0.7335
W2,526,0.3099
W2,527,0.1668
W2,528,0.2447
W2,529,0.2504
W2,530,0.2150
W2,531,0.2090
W2,532,0.2036
W2,533,0.1923
W2,534,0.2008
W2,535,0.2086
W2,536,0.2118
W2,537,0.2444
W2,538,0.2291
W2,539,0.2500
W2,540,0.2607
W2,541,0.2242
W2,542,0.2957
W2,543,0.1201
W2,544,0.3453
W2,545,0.7416
W2,546,0.2008
W2,547,0.1803
W2,548,0.1920
W2,549,0.1969
W2,550,0.2086
W2,551,3.0692
W2,552,0.1562
W2,553,0.4278
W2,554,0.1491
W2,555,0.1247
W2,556,0.1052
W2,557,1.7758
W2,558,0.1300
W2,559,4.2652
W2,560,0.1395
W2,561,1.0933
W2,562,2.5851
W2,563,2.9860
W2,564,0.6400
W2,565,4.9187
W2,566,0.1820
W2,567,0.1041
W2,568,2.6332
W2,569,0.0818
W2,570,0.4098
W2,571,4.4235
W2,572,0.1650
W2,573,0.2090
W2,574,0.2461
W2,575,1.0643
W2,576,0.5065
W2,577,0.5521
W2,578,0.6832
W2,579,0.1172
W2,580,0.1279
W2,581,0.1286
W2,582,0.1367
W2,583,0.1197
W2,584,0.1502
W2,585,0.1445
W2,586,0.8879
W2,587,0.9385
W2,588,0.8277
W2,589,0.6874
W2,590,1.1068
W2,591,0.8206
W2,592,1.2778
W2,593,0.7136
W2,594,1.3770
W2,595,1.0048
W2,596,1.1323
W2,597,1.3108
W2,598,0.9389
W2,599,0.5645
W2,600,0.7852
W2,601,0.6060
W2,602,0.6995
W2,603,0.5415
W2,604,0.7349
W2,605,0.8560
W2,606,0.7221
W2,607,0.7976
W2,608,1.0685
W2,609,1.0391
W2,610,1.0954
W2,611,0.9389
W2,612,0.6889
W2,613,0.2104
W2,614,2.0060
W2,615,0.2231
W2,616,1.8590
W2,617,0.1704
W2,618,0.3938
W2,619,0.1668
W2,620,0.3910
W2,621,0.1378
W2,622,1.8806
W2,623,0.1484
W2,624,0.3999
W2,625,0.9931
W2,626,0.1856
W2,627,1.5158
W2,628,0.1959
W2,629,0.8613
W2,630,0.1998
W2,631,0.2136
W2,632,0.3520
W2,633,0.2196
W2,634,0.1951
W2,635,2.9375
W2,636,0.1339
W2,637,0.0896
W2,638,0.1502
W2,639,5.3284
W2,640,0.2270
W2,641,0.9393
W2,642,0.2068
W2,643,1.6699
W2,644,0.2777
W2,645,2.5316
W2,646,0.3659
W2,647,3.1277
W2,648,0.6173
W2,649,0.7034
W2,650,0.6166
W2,651,0.7260
W2,652,0.7328
W2,653,0.8617
W2,654,1.0235
W2,655,1.5183
W2,656,0.9396
W2,657,0.7051
W2,658,0.6775
W2,659,0.6418
W2,660,0.1852
W2,661,0.1647
W2,662,0.0900
W2,663,0.0978
W2,664,0.2033
W2,665,0.1866
W2,666,0.1990
W2,667,0.2044
W2,668,0.2330
W2,669,0.7360
W2,670,1.0480
W2,671,0.9371
W2,672,0.7792
W2,673,0.8064
W2,674,1.0922
W2,675,0.8546
W2,676,1.4184
W2,677,0.8458
W2,678,1.4762
W2,679,1.0483
W2,680,0.8341
W2,681,0.9215
W2,682,0.8203
W2,683,0.9361
W2,684,0.7452
W2,685,0.6485
W2,686,0.7735
W2,687,0.5702
W2,688,0.7905
W2,689,0.8312
W2,690,1.0862
W2,691,1.0813
W2,692,1.2637
W2,693,1.1199
W2,694,1.0253
W2,695,1.0501
W2,696,1.0367
W2,697,0.9743
W2,698,0.9332
W2,699,1.1733
W2,700,0.2348
W2,701,1.5311
W2,702,3.3316
W2,703,0.1856
W2,704,1.3448
W2,705,0.1604
W2,706,0.4523
W2,707,0.2345
W2,708,0.3336
W2,709,0.1296
W2,710,1.2297
W2,711,0.1381
W2,712,1.3543
W2,713,0.1509
W2,714,1.7758
W2,715,0.1477
W2,716,1.0452
W2,717,0.1250
W2,718,0.6850
W2,719,0.1172
W2,720,0.0992
W2,721,0.4091
W2,722,0.1555
W2,723,1.5169
W2,724,1.6766
W2,725,0.1767
W2,726,0.1438
W2,727,2.0878
W2,728,0.1091
W2,729,3.2661
W2,730,0.2631
W2,731,9.7913
W2,732,0.1551
W2,733,0.1133
W2,734,3.0320
W2,735,0.0606
W2,736,0.3149
W2,737,0.0836
W2,738,4.7965
W2,739,0.1438
W2,740,0.7629
W2,741,0.6102
W2,742,0.5309
W2,743,0.4484
W2,744,0.2086
W2,745,0.3960
W2,746,0.6878
W2,747,0.1905
W2,748,0.2075
W2,749,0.1735
W2,750,0.1789
W2,751,0.2288
W2,752,0.2401
W2,753,1.0413
W2,754,0.7739
W2,755,1.4043
W2,756,0.9570
W2,757,0.8925
W2,758,1.2155
W2,759,1.0505
W2,760,1.2704
W2,761,1.1943
W2,762,1.2796
W2,763,0.9764
W2,764,1.3756
W2,765,1.2633
W2,766,1.2003
W2,767,1.1160
W2,768,0.9715
W2,769,0.8596
W2,770,0.8854
W2,771,0.6272
W2,772,0.6471
W2,773,0.6701
W2,774,0.7884
W2,775,1.0866
W2,776,0.9346
W2,777,0.7522
W2,778,0.7962
W2,779,1.0543
W2,780,0.9364
W2,781,1.0373
W2,782,0.9166
W2,783,0.9045
W2,784,0.5139
W2,785,0.2554
W2,786,5.0961
W2,787,0.3917
W2,788,0.2525
W2,789,2.1328
W2,790,0.2359
W2,791,0.2015
W2,792,0.3850
W2,793,0.1874
W2,794,0.2267
W2,795,0.3389
W2,796,0.1813
W2,797,0.1417
W2,798,0.3113
W2,799,0.1257
W2,800,0.2607
W2,801,0.5093
W2,802,0.2709
W2,803,1.3961
W2,804,0.1838
W2,805,0.9541
W2,806,0.1750
W2,807,1.3681
W2,808,0.1877
W2,809,0.4130
W2,810,0.1866
W2,811,0.1608
W2,812,0.0970
W2,813,1.5945
W2,814,0.1169
W2,815,2.1650
W2,816,0.3591
W2,817,0.1002
W2,818,1.5831
W2,819,0.1279
W2,820,4.4126
W2,821,0.2267
W2,822,0.5950
W2,823,0.1449
W2,824,2.2925
W2,825,0.1027
W2,826,2.3981
W2,827,0.1325
W2,828,0.2100
W2,829,4.2985
W2,830,0.2688
W2,831,0.2670
W2,832,0.8705
W2,833,0.8744
W2,834,0.7278
W2,835,0.5713
W2,836,0.6396
W2,837,0.5125
W2,838,0.2334
W2,839,0.2338
W2,840,0.2472
W2,841,0.2419
W2,842,0.2656
W2,843,0.2578
W2,844,0.2709
W2,845,0.2639
W2,846,0.2422
W2,847,0.2582
W2,848,0.8982
W2,849,1.3830
W2,850,0.8496
W2,851,0.8996
W2,852,0.9378
W2,853,1.0420
W2,854,0.9747
W2,855,0.9485
W2,856,1.5201
W2,857,0.8521
W2,858,0.8426
W2,859,1.1702
W2,860,1.0189
W2,861,0.8454
W2,862,0.9322
W2,863,1.0289
W2,864,0.9601
W2,865,0.5075
W2,866,0.7395
W2,867,0.6049
W2,868,0.5737
W2,869,0.5107
W2,870,0.8631
W2,871,1.3692
W2,872,0.8957
W2,873,1.1323
W2,874,0.9828
W2,875,0.9038
W2,876,0.8861
W2,877,0.7682
W2,878,0.9779
W2,879,0.9775
W2,880,1.0108
W2,881,0.2727
W2,882,0.2026
W2,883,1.6125
W2,884,0.6187
W2,885,0.1728
W2,886,2.2674
W2,887,0.1335
W2,888,0.0758
W2,889,0.1898
W2,890,0.1077
W2,891,0.1356
W2,892,0.1711
W2,893,0.1215
W2,894,1.5049
W2,895,0.1155
W2,896,0.2398
W2,897,0.2281
W2,898,1.2396
W2,899,0.1771
W2,900,0.2741
W2,901,2.7841
W2,902,0.2426
W2,903,0.2709
W2,904,3.4659
W2,905,0.2490
W2,906,0.2437
W2,907,0.4271
W2,908,0.3563
W2,909,1.2817
W2,910,0.2812
W2,911,0.5592
W2,912,0.2858
W2,913,3.5852
W2,914,0.2313
W2,915,3.7258
W2,916,0.1831
W2,917,0.4183
W2,918,0.2663
W2,919,1.8852
W2,920,0.4013
W2,921,0.2221
W2,922,4.9173
W2,923,0.2380
W2,924,0.7600
W2,925,0.1852
W2,926,2.3357
W2,927,0.1424
W2,928,4.4781
W2,929,0.1668
W2,930,2.6123
W2,931,0.4186
W2,932,0.6998
W2,933,0.8546
W2,934,0.8093
W2,935,1.0427
W2,936,0.7374
W2,937,0.6676
W2,938,0.6552
W2,939,0.5596
W2,940,0.2607
W2,941,0.2529
W2,942,0.2656
W2,943,0.2518
W2,944,0.2334
W2,945,0.2366
W2,946,0.2228
W2,947,1.2059
W2,948,0.8440
W2,949,0.8610
W2,950,0.7062
W2,951,1.3040
W2,952,0.9361
W2,953,0.9024
W2,954,1.3040
W2,955,0.6233
W2,956,1.3101
W2,957,0.7898
W2,958,0.9258
W2,959,1.0972
W2,960,0.7894
W2,961,1.0186
W2,962,0.6131
W2,963,0.4980
W2,964,0.6460
W2,965,0.6750
W2,966,0.7094
W2,967,0.5486
W2,968,0.8146
W2,969,0.9499
W2,970,0.7122
W2,971,0.7268
W2,972,1.1178
W2,973,1.3016
W2,974,1.3409
W2,975,1.3852
W2,976,1.1861
W2,977,0.8815
W2,978,0.3666
W2,979,2.0857
W2,980,0.2164
W2,981,2.5989
W2,982,0.3280
W2,983,0.5649
W2,984,0.1884
W2,985,0.2203
W2,986,0.6531
W2,987,0.1941
W2,988,0.3336
W2,989,0.2196
W2,990,1.8672
W2,991,0.2277
W2,992,2.3297
W2,993,0.3053
W2,994,0.5950
W2,995,1.6904
W2,996,0.2369
W2,997,1.1634
W2,998,0.2809
W2,999,0.3067
W2,1000,0.4420
W2,1001,1.5874
W2,1002,0.1650
W2,1003,2.9307
W2,1004,0.2525
W2,1005,2.1409
W2,1006,0.2206
W2,1007,1.9153
W2,1008,0.7406
W2,1009,2.4583
W2,1010,0.3350
W2,1011,0.2840
W2,1012,3.1641
W2,1013,0.3223
W2,1014,3.0387
W2,1015,0.3177
W2,1016,4.0092
W2,1017,0.2886
W2,1018,0.7108
W2,1019,1.1117
W2,1020,0.8875
W2,1021,0.8025
W2,1022,0.6881
W2,1023,0.6864
W2,1024,0.5946
W2,1025,0.3620
W2,1026,0.3457
W2,1027,0.3595
W2,1028,0.3931
W2,1029,0.3733
W2,1030,0.3740
W2,1031,0.3719
W2,1032,0.4030
W2,1033,0.3627
W2,1034,0.3620
W2,1035,0.3669
W2,1036,1.0299
W2,1037,1.2778
W2,1038,1.0756
W2,1039,1.1592
W2,1040,1.3295
W2,1041,0.8783
W2,1042,1.3490
W2,1043,0.8691
W2,1044,1.1631
W2,1045,1.6217
W2,1046,1.6706
W2,1047,1.7517
W2,1048,1.8332
W2,1049,0.6506
W2,1050,1.1617
W2,1051,1.0540
W2,1052,1.1142
W2,1053,0.9672
W2,1054,0.8847
W2,1055,0.8224
W2,1056,0.9024
W2,1057,0.6389
W2,1058,1.3798
W2,1059,1.5569
W2,1060,1.6494
W2,1061,1.3331
W2,1062,1.6943
W2,1063,1.6327
W2,1064,1.6515
W2,1065,1.3823
W2,1066,1.4514
W2,1067,0.7321
W2,1068,0.6170
W2,1069,1.6479
W2,1070,0.4480
W2,1071,1.2417
W2,1072,0.4271
W2,1073,1.8746
W2,1074,0.5096
W2,1075,0.4293
W2,1076,0.3945
W2,1077,0.5670
W2,1078,0.6527
W2,1079,0.6031
W2,1080,0.4271
W2,1081,1.7602
W2,1082,0.4377
W2,1083,1.5293
W2,1084,0.4774
W2,1085,0.7986
W2,1086,0.4374
W2,1087,1.3862
W2,1088,0.5111
W2,1089,0.5621
W2,1090,0.5079
W2,1091,0.2628
W2,1092,4.5174
W2,1093,0.5536
W2,1094,0.6361
W2,1095,3.2484
W2,1096,0.5840
W2,1097,0.6835
W2,1098,4.8755
W2,1099,0.4877
W2,1100,0.5277
W2,1101,0.4498
W2,1102,0.5142
W2,1103,6.0509
W2,1104,0.4817
W2,1105,5.6320
W2,1106,0.4232
W2,1107,0.7923
W2,1108,1.4723
W2,1109,1.1535
W2,1110,0.9988
W2,1111,1.1213
W2,1112,1.1117
W2,1113,1.1613
W2,1114,0.5699
W2,1115,0.5808
W2,1116,0.4749
W2,1117,0.6088
W2,1118,0.5762
W2,1119,0.6924
W2,1120,0.6740
W2,1121,0.6768
W2,1122,1.4099
W2,1123,1.5109
W2,1124,1.6830
W2,1125,1.3423
W2,1126,1.3603
W2,1127,1.4124
W2,1128,1.2049
W2,1129,1.3635
W2,1130,1.2552
W2,1131,1.3125
W2,1132,1.4372
W2,1133,1.2977
W2,1134,1.3409
W2,1135,1.3873
W2,1136,1.0717
W2,1137,1.3426
W2,1138,1.0930
W2,1139,1.1826
W2,1140,0.9240
W2,1141,1.1974
W2,1142,1.5573
W2,1143,1.3178
W2,1144,1.5938
W2,1145,1.4985
W2,1146,1.6405
W2,1147,1.5668
W2,1148,1.5562
W2,1149,0.9099
W2,1150,0.6371
W2,1151,4.2521
W2,1152,0.4753
W2,1153,2.0630
W2,1154,0.2759
W2,1155,1.0597
W2,1156,0.6322
W2,1157,0.5266
W2,1158,0.4119
W2,1159,1.2835
W2,1160,0.3754
W2,1161,1.4227
W2,1162,0.4140
W2,1163,0.7834
W2,1164,0.3404
W2,1165,0.9761
W2,1166,1.0076
W2,1167,0.3722
W2,1168,0.9431
W2,1169,0.4778
W2,1170,0.5674
W2,1171,0.4399
W2,1172,1.4829
W2,1173,0.4912
W2,1174,3.7273
W2,1175,0.5185
W2,1176,0.8380
W2,1177,0.5086
W2,1178,3.7276
W2,1179,0.4870
W2,1180,9.2434
W2,1181,0.3921
W2,1182,2.8804
W2,1183,0.4923
W2,1184,2.9307
W2,1185,0.5394
W2,1186,4.8985
W2,1187,0.5532
W2,1188,1.1581
W2,1189,1.0841
W2,1190,0.9439
W2,1191,1.0002
W2,1192,1.1135
W2,1193,1.0494
W2,1194,1.0944
W2,1195,1.0933
W2,1196,1.1603
W2,1197,0.9807
W2,1198,0.6382
